video_ID,video_title
8zaXdM_4UAc,Love Inc / In My Mind / Every Teardrop Is A Waterfall / Tokyo By Night / Greyhound
OcmBowQsVrg,INEXPLICABLE by The Correspondents
Xo6IEkEy0CE,Agrume - Love Beam
3OC2aPCuzjo,Electric Guest - Troubleman
7Z2XRg3dy9k,Medicare for All: Last Week Tonight with John Oliver (HBO)
CStJYNVsCB0,Buffing the Battle Plan (#26)
dOAUazVMddQ,Last Night on Earth (Nigel Stanford Remix)
UQbcyOxqDFw,Shiki no Uta
fCUTX1jurJ4,Data | Philosophy Tube
2W3RA-0uHRw,Best Remixes of 90's Popular Songs - Part 2
UBc7qBS1Ujo,The Bell Curve
973ibay5504,Dan Croll - From Nowhere (Official Video)
AdZK0HeYkwM,J Dilla - So Far To Go (Feat Common & D'Angelo)
T_OmxdXkdNM,"Common, Kanye West - They Say"
vdi-Lg9pwkY,Någon annan betalar | En film om slöseri med dina skattepengar
OgNt1C72B_4,Intro to Hegel (& Progressive Politics) | Philosophy Tube
tc4ROCJYbm0,AT&T Archives: The UNIX Operating System
huEtJw7pfLk,Youtube duet: Miles Davis improvising on LCD Soundsystem
gsEEAsxgdYg,Yasiin Gaye (Yasiin Bey + Marvin Gaye) - The Departure [Full Album] | Amerigo Gazaway
t_Z8X_bgEpw,Mos Def - History ft. Talib Kweli
9lpujDkJWs8,The Roots - Guns are drawn [HD]
nMh5HO5pI5A,Bonobo - All in Forms
_7wKjTf_RlI,Max Cooper - Order From Chaos (official video by Maxime Causeret)
Et6itTuJSYY,The Ants
b7zsp-SJUFg,Grum - Deep State | Full Album
puu3IvKnSb4,Destroyer - Kaputt
LDIoxgnl-ho,'On Your Mind' | Kaskade | Official Video
ZBFQKCPC78E,"Danger Zone - Viggen, Gripen, Tunnan, Lansen, Draken"
YjG4UpuL84M,APES
MEnqlF6-BF0,Atmosphere - Bde Maka Ska (Official Video)
XU-TZiVVaTE,Jimmy Eat World - 555 (Official Video)
-jUh46bXbSo,Coccolino Deep - 2001: A Space Odyssey
F4_-nV7eodI,My Hunter level is 27. (#20)
o_17bt9hD7s,Samsonyte feat. Scotty May - Lucy (Prod. by Paysr) Official Video
54fea7wuV6s,The Blaze - Territory - Official Video
iPNDeg7qBmI,15 Herblore is my biggest obstacle yet (#4)
_usSxCwcpps,- T H R E E - D E E -
AhAJ6J01R7w,Don’t go to Taiwan - Travel film by Tolt #16
tvBhtQjmuE0,LeRoyce - Doja On The Dash
dbEiVrnhwlU,Blood Is Compulsory: How We Talk About Advanced Warfare
PU5PvnPiL7A,World of Warcraft // The Danish National Symphony Orchestra (LIVE)
IqgVKDUVbZ4,Infected Mushroom - Head of NASA and the 2 Amish Boys [FULL EP]
ZEpLKRkVFwU,Ben Shapiro's Weapon's Grade Bad Takes
GinDjIDTvHk,Tales of a Happy Camper | Rogue 1-60 | World of Warcraft Classic
EeqF6m3MqqY,Float Through the Cosmos - Calm Relaxing Psychedelic Journey
CQPiueH7Gzo,LeRoyce - I Got Soul
L0QPuUF3JEI,SEE A NEW COLOR WITH THIS ILLUSION - TRUE CYAN
6Z_BVhCALIY,DJ YUNG VAMP - DIE TRILL (MIXTAPE)
DqPgURTYygQ,TRAPPIN IN ＪＡＰＡＮ³
lMD_6tGzZus,Tupac - Old School (Cookin Soul remix)
HzqW5CfKVLE,Craig David - Walking Away (Partiboi69's hard n' fast edit)
2GjPQfdQfMY,Lo-fi for Ghosts (Only)
jtI1dHMWYBM,Kackiest Kacky 4 - My Journey
_ptACzS5e_Q,Cookin Soul - WHATEVA VOL 2 (full tape + visuals)
y1g-hspetX8,Coccolino Deep - Inception
26OJPml2WH0,Carl Sagan's Cosmos - Ep 5: Blues For A Red Planet
WQu42Ubpa1c,The Morytania Endgame (#23)
eDGsnjeOQA4,Living Legends - Nothing Less
oynRwBki8GE,Live Ghetto House/Ghetto Tech Mix
gkDMD6D00wU,Arkasia - Soldiers
CtVRjB0MrNg,Bonobo Essential Mix 2014 - BBC Radio 1 - 1080p HD
0W-a11Tdk7Y,Bonobo : Linked (Official Audio)
vKAteau0CrA,Skinshape - Don't Call My Name
UAcJfUxWQ5c,Oracolo
ewoonPUDY3I,Chet Faker • Bonobo • Tycho - Special Coffeeshop Selection [Seven Beats Music]
FHdSxAq3cys,DJ Shadow - Rocket Fuel (feat. De La Soul) [HQ Audio]
AeGEv0YVLtw,Men. Abuse. Trauma. | Philosophy Tube ★
zp72WjMVhTQ,Annapurna III – Unclimbed
V08gv9G0nCg,Coccolino Deep - Matrix
ASR6R8COgk0,Astrix - Artcore (Hi Profile Remix)
SAsJ_n747T4,Isaac Chambers - Moonlight Ride (ft. Blue Moon)
c_iRx2Un07k,Kygo - Piano Jam For Studying and Sleeping[1 HOUR] [2019]
e-GqvWZKvq0,Isaac Chambers ' Smoked Mood [Mixed by Take It Easy]
RNxCHYGRHFU,Best Of Space/Post-Rock Mix
G3x3vpcVR2k,Matt Tondut & Beffect - Ocean Lights [ Downtempo | Minimal Electronic ]
SaDWXi8x0Vc,Flume - Let You Know (feat. London Grammar)
y9eWoBKsVJ4,Iron & Wine - Our Endless Numbered Days [FULL ALBUM STREAM]
SEMB1Ky2n1E,Jordan Peterson & The Meaning of Life | Philosophy Tube
wO6uD3c2qMo,Steve Bannon | Philosophy Tube
4gUk44K_RiI,PSYTRANCE & PROGRESSIVE MINIMAL MIX 2019 TRIPPY CUPHEAD By RTTWLR
gEvVHCg6fHo,Altair - Fluke | Demoscene
tFqz4_sSaAk,Dillon Cooper - State of Elevation (Official Music Video)
fnbcLT1wojs,Radiohead - Little By Little (Caribou RMX)
_Omq1GVzzRA,Coccolino Deep - Fight Club
1dr1kQDGgRk,People Under the Stairs - Acid Raindrops
qIOaU7Sm-ZE,Sir Sly - High (Official Video)
fPEsDF5WL1w,Logic - The Spotlight (Official Music Video)
0Uc3ZrmhDN4,Sublime - What I Got (Official Video)
NJNlqeMM8Ns,Echos - Saints
kxGh6VGxuw0,Sublime - Doin' Time/Summertime
jdoR7E7b4Mo,Sir Sly - &Run (Official Video)
UnyLfqpyi94,AJR - Burn The House Down [Official Video]
_mQXuX-7ZdU,Trip Hop Mix Series: Masterpiece Sessions Vol. 6
s3YQIFEERIM,smash mouth Walking On The Sun lyrics
dbRKKXzP0hM,Petit Biscuit - Suffer (feat. Skott)
C9bjwJO2IPY,[Ott.] A Loving Mix (Psybient/Psydub/Electronica)
7YAAyUFL1GQ,Fall Out Boy - The Last Of The Real Ones
7TML_MTQdg4,Hi This Is Flume [Mixtape Visualiser]
pl4c0kZUm2M,Chris Stapleton - Parachute
2zE-J1rK1NQ,Bad Graphics
wkMlSInqP4Q,Best of Asian Style Beats & Trip-Hop & Instrumental Vol. 1
ItGwXRCcisA,Flume & Chet Faker – This Song Is Not About A Girl
pAF-YWitXBk,Best of Moody Sanchez | Soulful Hip-Hop Instrumental
ITfNdrP0Vn0,Kurup - Joeira
UBHybWg7mbg,The Human Experience - Silent Hi-Fi (feat.  SaQi)
hlbfhLouuqY,OBEI - Kenata
y_z-adsJjmE,Riders On The Storm - Snoop Dogg ft. The Doors
Y4gxAR5tU_E,Kurup - Joeira (feat. João Pedreira)
ZFI7xoIHt-Q,Neroche - Moontide Theory (Hugo Kant Edit)
NAXz2z4giws,(HQ) Pretty Lights - Country Roads (Remix) [2011 Remixes] (John Denver)
0EW_tlvW4aI,Best of Lucille Bluth
n3Xv_g3g-mA,Loneliness
9n5G0qFBsHM,"Zac Brown Band - ""Knee Deep"" Feat. Jimmy Buffett"
A7ZxRs45tTg,BICEP | GLUE (Official Video)
g0qf0qRYRKs,Hippie Sabotage - OM
CqaAs_3azSs,LORN - ANVIL [Official Music Video]
jaRsJvZgg2s,ZHU - Faded (ODESZA Remix)
3jTjBt0Enyw,Disclosure - Help Me Lose My Mind (Mazde Remix)
nvUeo5sagkA,Quantic - Time Is The Enemy
ODXq4FtS-ys,Hippie Sabotage - The Best of Chill Music (Mix)
lCVmNaXKPBE,Hippie Sabotage - DRIFTER Extended Version
4xr-rOzf0SM,J. Cole - Lost Ones (Lyrics HD)
dSjjEzKLqPI,Worakls - Elea
mVyTRjv38Yg,"DJ Shadow ""Dark Days"""
5y2GolcfFT0,Worakls - Coeur de la Nuit Unofficial Video
g_W9af_CQDs,J. Cole - 4 Your Eyes Only [Explicit]
78tNYZUS-ps,The Vue Tutorial for 2018 - Learn Vue 2 in 65 Minutes
-VU4fOa3CRc,Liquicity Yearmix 2018 (Mixed by Maduk)
2gFsOoKAHZg,Flat Earth: A Measured Response
B21rjFaffsA,Strange 2013
xyGfbWl9wHU,Fracx - Thoughts
r_RmNCKyZJc,RPG NightCup #18
XCGkVyyDOcU,Doug Stanhope - Remember When I Used To Give A Shit/Killer Closer
iuWa5wh8lG0,5 Hours of Relaxing Psychedelic Space Rock (I had to mute a few tracks)
0DTyB7o_6HU,Dabbla - Psychoville Feat. Graziella (OFFICIAL VIDEO) (Prod. Roast Beatz)
ors0wpcVDcc,5 Hours of Relaxing Psychedelic Space Rock - Travel Dos
OlLC6Xwgikc,Pan-Pot - Sleepless (Stephan Bodzin Remix)
I999gOX_lss,ＲＵＮＥＳＣＡＰＥ ０７
lHd9edoYHbw,Infected Mushroom - Demons of Pain Remix - [[Full Visual Trippy Videos Cartoon Set]] - [GetAFix]
ELnXGG1JLXc,"Pale Blue Dot - Chapter 2: ""Humility"""
bQv-7PKB0bk,【crossbeats REV. SUNRISE】 CYBER GANG / ヒゲドライVAN
4HegFilQ26I,"C2C - Le Banquet (feat. Netik, Tigerstyle, Rafik, Kentaro & Vajra)"
g-eXZ34nEyM,SPEL vs G'huun Mythic DH PoV Solo Gauntlet
WeKiWy1DgRg,Drum & Bass Titans | Best of: Netsky
TgisehuGOyY,Aquinas & the Cosmological Arguments: Crash Course Philosophy #10
4PYEXUo7rf4,Isaac Chambers - Move on (feat. Dub Princess)
mUUD-p-nJAE,Johnny Blue - Vitamin Sea (psybient)
GRe3GUaw1iU,Man Of No Ego - Blinkers Removed (432hz album) ft. Osho
58HQeed8Vhg,Wu-Tang Clan - Back In The Game (Phoniks Remix)
wO9ipETQolE,BOARCROK - Eulogy
pmUY_T5fPW4,Evidence - Powder Cocaine feat. Slug (Prod. By Alchemist) [Official Video]
lPVBrRd9wCo,N'to - Trauma (Worakls Remix)
sPBVzqOax3Y,Solomun - Somebody's Story (Original Mix)
okF5gOTX9uM,Kendrick Lamar & J Cole - Black Friday
MBnnXbOM5S4,"The more general uncertainty principle, beyond quantum"
KCFv0eNRzDY,A$AP Rocky: 1 Hour Of Chill Songs
gJmLlzEzJP4,Looptroop Rockers - Med facit i hand (feat. Kapten Röd) (OFFICIAL HD)
G34vN7Hrgso,Trip Hop Mix Series: Masterpiece Sessions Vol. 4
nHzS_lxB6ZY,Big dbolt pk video (osrs)
pBVVtSqQIkg,Richard Lacy & Sarah MacDonald - Eye Contact
cgQM3Ju6Jx8,Reborn from the Ashes: the 19 Combat Fire Cape
Z4zxWGUXi9M,Headhunterz ft Tatu - Colors (Unextended Mix)
bi5OPJ98laE,New Rule: Scary Socialism | Real Time with Bill Maher (HBO)
miAN4LlG3Es,Averdeck - Halekasi (Official Music Video)
JRjwF8OWNck,Coccolino Deep - Seventeen
8RUWkv4Ray8,Daughter - Youth (Hybrid Minds Bootleg)
TDUKDY4UZY8,BANKS – You Should Know Where I’m Coming From (Cartoon Bootleg)
R-jGJgKqP00,Jessie J - Nobody's Perfect (Netsky Remix)
C5OVrbu6928,Kove - Into The Fire (ft. Folly Rae)
GPC_YnHdVtI,Adrenalize - All The Memories (Official Videoclip)
xw3C03Ba8Dk,Astrix - Deep Jungle Walk [Hommega Productions]
Sb-OjbK-_u8,Hope n Glory vs Underlurker 8HM
QLaswfquFRU,Scilo ft Align - A WotLK Swan Song
T_wmfcWKIrs,Coccolino Deep - The Big Lebowski
Xvlym4g9SQQ,BICEP | AURA
J-VVzp8_Sc8,Hashtag - Boris Brejcha (Original Mix)
Ol07cTfp16Q,イトウTHEキャンプ - ランドマーク
wLc3YJBI7yw,1 hour of peaceful (Runescape) music to sleep to
norOFK99InU,Coccolino Deep - Don't forget to fly
3_XVw0235gY,Hilltop Hoods - Clark Griswold feat. Adrian Eagle
Y4_YyaPt0-I,Mack Speed - Lee Mack's Quick Wit on Would I Lie to You?
1qJZY8TPodc,PREQUEL MEMES /r/PrequelMemes/ #9 [REDDIT REVIEW]
gKsLd6jbA0M,Darren Styles - Switch (Official Video)
6C21un3enyg,Hybr1d0wnz5 PK Video 11 | Worldwide Runescape PvP | High Risk Maxed Tank Hybridding
qTrqmNieVKI,A Tribe Called Quest - The Space Program (Official Video)
QiqqC_fbP1c,My life is potato [ORIGINAL EDIT]
7SOXgQIXHdA,Looptroop Rockers -- Lillebror (Officiell video)
gS_9Wr_uN1E,Shingo Nakamura - Days (Nhato Remix)
4Xu49FdCUgc,Deadmau5 - The Tonic Mix
WfqoLeDsET0,Dan's Admission
2X93u3anTco,Stephen Colbert Roasts Bush at 2006 White House Correspondents Dinner
IVvpfQjR6jQ,"""Whispers Wonder” ~ Japanese Trance & Progressive Mix (Harmonically Mixed)"
gzoOSSJU-iY,Yakona - Sonder (ALUNA Remix)
J7f26d-AIrM,Conan Writes Chicago Blues Songs With School Kids - CONAN on TBS
P9-4xHVc7uk,Robin Schulz – OK (feat. James Blunt) (Official Music Video)
65KNyF6EmU4,Mashups Like This
GtWtDVfJJDM,Psybrid Theory [Full Album]
N0YoUh0SjWc,Senpai Gone Love It - Oregairu vs. Jay Rock feat. Kendrick Lamar
DuFaRUVDsiI,Sadistik ft. Eyedea - Chemical Burns (Ultraviolet) 2014
y2C3X21xUSc,TeeBee - Quiet Moment
y5HKBO-Y4iM,Fly My Voice - Warsaw Village Band (SOOHAN Remix) from *NEW* GLOBAL GATE 808 Album
kKv_eZwJh34,Massive Attack feat. Mos Def - I Against I
_0F2_sAlaNo,Ski Beats ft. Mos Def - Cream Of The Planet
CfW845LNObM,What they won't teach you in calculus
zeMlOQsu2zM,1984 (Nineteen Eighty-Four) - Thug Notes Summary and Analysis
w_HnavaCyW4,Hinkstep @ Abstraction Festival 2017
fu5UVpLvGck,Mos Def - Life Is Good (The New Track/Video)
9uYhIiW6lok,- B L U R S T - O F - T I M E S -
-KNkn5fVBmE,- S T E A M E D - H A M S -
TebCHHCw9rY,CTRL+ALT+DEL | SLA:3
yo-OfQ3VQWw,Dilated peoples - you can't hide you can't run
IMOy9SsUQ7U,Mos Def- Sunshine
M9okrSfgMtA,"J. Cole - ""Let Nas Down"" (Music Video)"
7y_UdViKub8,"Dart Rayne, Yura Moonlight, Gemma Pavlovic -  Agree to Disagree (original mix)"
H6HBptaqL3Q,"Kendrick Lamar X Curtains X School Boy Q ""LIVE AGAIN"""
8_T84lDsFaQ,Rudebrat - Error
b5H3b_Hh0Lw,Mose ft. Suyana - Live at Heart Culture
RPgmGtCQCzU,ΔXIUS LIИK - RΞBØЯИ [Guest Mix] [Witch House]
GYLBjScgb7o,"THE FURBY ORGAN, A MUSICAL INSTRUMENT MADE FROM FURBIES"
ccLdKvrr2RQ,LIL FISH - Mosaic | E.P | Global Bass
b7FxPsqfkOY,"Solving 2D equations using color, a story of winding numbers and composition"
uZKluaXW2DY,Civilingenjörsprogrammet i system i teknik och samhälle
6bgrc2h-XqA,Samaya - Serendipity (Mix) [Shamanic Downtempo / Folktronica]
PCGwYC5MATw,Align wowcircle 2500 rated multiclasser 2v2 ft. Scilo
E7A_GzlOyLU,Dj Shadow - Giving up the Ghost
YuIIjLr6vUA,Numberphile v. Math: the truth about 1+2+3+...=-1/12
qbbQb9bEcDQ,Kendrick Lamar - Cartoons & Cereal ft. Gunplay (Music Video)
M8ZByiLMC10,wowcircle random clips
bXdHBP6mgdE,"Dan Harmon loses it over ""Now You See Me"""
RySHDUU2juM,"""BUSHES OF LOVE"" -- Extended Lyric Video"
KPnKSatqerU,Foster The People - Houdini (RAC Remix)
zaR3sVpTB98,George Carlin on Time
mVwChgDOn-8,Douglas Adams - The Restaurant at the End of The Universe Audiobook
lncLOEqc9Rw,A War on Homelessness
FS5KEgQpuGY,Avicii - Sweet Dreams (Cazzette Meet at Night Mix) [HQ]
S5LvhKbsHWU,Infected Mushroom - Return to the Sauce [Full Album]
aircAruvnKk,"But what is a Neural Network? | Deep learning, chapter 1"
cb61AVsxD34,Motorcycle - As the Rush Comes (Gabriel & Dresden Chill Mix)
OhgHv_2OqGE,Medina - You and I (deadmau5 Remix) HQ
gFRylztSXvE,[Forum Weapon] - The Foolishness of that comment is so deep...
WYp9Eo9T3BA,Best of Shingo Nakamura 01 (2-Hour Melodic Progressive House Mix)
A1PAO3jgmXY,Soviet Army dancing to Hard Bass
2hCOdhSH7kw,"Highlander Droid by Niklas Johansson - [Action, Electro Music]"
iLd-inVgFaM,Kevin MacLeod - The Complex
MGLjSo05dHQ,Cash Cash - No Money x Millionaire x Billionaire x Zillionaire
xt544bCPqAw,Samaya - Fusion Alchemist Mix [Tribal Trap / Global Bass / Glitch-Hop]
ZK3U92URi_c,Future Underground - Progressive and Intelligent Trance Mix (Animated Cyberpunk Visuals)
O_J2GCO_dLQ,Gareth Emery - BBC Radio 1 Essential Mix (January 12th 2008)
R6KooJNZ2bc,Realm First Tribute to Insanity 25 by Obsidius
JruqXbk-cJk,Patrick Hagenaar featuring Sarah McLeod - Magik
vtn5slqZEd4,Joe Abercrombie Answers Your First Law Questions
LejoPGtliTs,Maths Puzzle: Back to Black
CxK_nA2iVXw,Futurama - I Have No Strong Feelings One Way or the Other
_gp51lt9kdA,Supernova [Progressive Psytrance Mix 2014]
t64m5Lm7CrA,Trentemoller - Moan (Trentemoller Remix) . HQ
TSHL4afIsrA,Jon Dore Finds A Superior Basketball League - Conan on TBS
iJ9WXvPhTrs,"""We Will Not Go"" by J. Ralph Feat. Salif Keita, Youssou Ndour & Fally Ipupa (Virunga)"
OoOuU-39vGI,Moby - Hope Is Gone [HQ]
8zaXdM_4UAc,Love Inc / In My Mind / Every Teardrop Is A Waterfall / Tokyo By Night / Greyhound
OcmBowQsVrg,INEXPLICABLE by The Correspondents
Xo6IEkEy0CE,Agrume - Love Beam
3OC2aPCuzjo,Electric Guest - Troubleman
7Z2XRg3dy9k,Medicare for All: Last Week Tonight with John Oliver (HBO)
CStJYNVsCB0,Buffing the Battle Plan (#26)
dOAUazVMddQ,Last Night on Earth (Nigel Stanford Remix)
UQbcyOxqDFw,Shiki no Uta
fCUTX1jurJ4,Data | Philosophy Tube
2W3RA-0uHRw,Best Remixes of 90's Popular Songs - Part 2
UBc7qBS1Ujo,The Bell Curve
973ibay5504,Dan Croll - From Nowhere (Official Video)
AdZK0HeYkwM,J Dilla - So Far To Go (Feat Common & D'Angelo)
T_OmxdXkdNM,"Common, Kanye West - They Say"
vdi-Lg9pwkY,Någon annan betalar | En film om slöseri med dina skattepengar
OgNt1C72B_4,Intro to Hegel (& Progressive Politics) | Philosophy Tube
tc4ROCJYbm0,AT&T Archives: The UNIX Operating System
huEtJw7pfLk,Youtube duet: Miles Davis improvising on LCD Soundsystem
gsEEAsxgdYg,Yasiin Gaye (Yasiin Bey + Marvin Gaye) - The Departure [Full Album] | Amerigo Gazaway
t_Z8X_bgEpw,Mos Def - History ft. Talib Kweli
9lpujDkJWs8,The Roots - Guns are drawn [HD]
nMh5HO5pI5A,Bonobo - All in Forms
_7wKjTf_RlI,Max Cooper - Order From Chaos (official video by Maxime Causeret)
Et6itTuJSYY,The Ants
b7zsp-SJUFg,Grum - Deep State | Full Album
puu3IvKnSb4,Destroyer - Kaputt
LDIoxgnl-ho,'On Your Mind' | Kaskade | Official Video
ZBFQKCPC78E,"Danger Zone - Viggen, Gripen, Tunnan, Lansen, Draken"
YjG4UpuL84M,APES
MEnqlF6-BF0,Atmosphere - Bde Maka Ska (Official Video)
XU-TZiVVaTE,Jimmy Eat World - 555 (Official Video)
-jUh46bXbSo,Coccolino Deep - 2001: A Space Odyssey
F4_-nV7eodI,My Hunter level is 27. (#20)
o_17bt9hD7s,Samsonyte feat. Scotty May - Lucy (Prod. by Paysr) Official Video
54fea7wuV6s,The Blaze - Territory - Official Video
iPNDeg7qBmI,15 Herblore is my biggest obstacle yet (#4)
_usSxCwcpps,- T H R E E - D E E -
AhAJ6J01R7w,Don’t go to Taiwan - Travel film by Tolt #16
tvBhtQjmuE0,LeRoyce - Doja On The Dash
dbEiVrnhwlU,Blood Is Compulsory: How We Talk About Advanced Warfare
PU5PvnPiL7A,World of Warcraft // The Danish National Symphony Orchestra (LIVE)
IqgVKDUVbZ4,Infected Mushroom - Head of NASA and the 2 Amish Boys [FULL EP]
ZEpLKRkVFwU,Ben Shapiro's Weapon's Grade Bad Takes
GinDjIDTvHk,Tales of a Happy Camper | Rogue 1-60 | World of Warcraft Classic
EeqF6m3MqqY,Float Through the Cosmos - Calm Relaxing Psychedelic Journey
CQPiueH7Gzo,LeRoyce - I Got Soul
L0QPuUF3JEI,SEE A NEW COLOR WITH THIS ILLUSION - TRUE CYAN
6Z_BVhCALIY,DJ YUNG VAMP - DIE TRILL (MIXTAPE)
DqPgURTYygQ,TRAPPIN IN ＪＡＰＡＮ³
lMD_6tGzZus,Tupac - Old School (Cookin Soul remix)
